AcX 1,AcY 1,AcZ 1,GyX 1,GyY 1,GyZ 1,AcX 2,AcY 2,AcZ 2,GyX 2,GyY 2,GyZ 2,AcX 3,AcY 3,AcZ 3,GyX 3,GyY 3,GyZ 3,voltage,current,power,energy
1292,-11824,-5004,1028,-519,4295,5338,8806,-8154,813,3184,-3380,-234,1148,2408,357,-322,716,5.08,440,2236,0.0
304,-10106,-3426,4461,-145,1155,3822,9998,-4120,-1243,1943,689,-512,-1228,2546,230,-370,264,5.08,440,2236,0.1
180,-7788,-2524,4970,-320,-913,6382,10522,-5508,-2302,2948,1798,-760,-954,4872,160,-422,329,5.07,508,2579,0.1
986,-4508,-1718,2619,1327,-4997,5188,6026,-5706,-4155,3491,3970,-886,-610,4574,122,-321,190,5.08,440,2236,0.2
934,-5104,-2310,1024,1530,-7899,4604,3532,-5318,-4694,3674,5851,-784,-636,6604,124,-500,46,5.07,528,2678,0.2
304,-4498,-1442,246,1170,-10480,4274,4182,-4294,-7297,4523,8542,-854,-1032,6180,264,-17,-587,5.08,440,2236,0.2
-344,-2722,-754,784,1309,-11535,5700,4180,-4520,-9373,6327,9178,-1396,-1260,5726,310,327,-976,5.08,523,2658,0.3
464,572,-296,982,1880,-13083,4202,180,-4592,-11309,7807,8985,-1738,-1126,5784,363,768,-1382,5.07,508,2579,0.3
-36,5764,-384,3187,2470,-15468,-3348,-8402,2884,-12405,5175,10936,-3246,-776,6812,409,1594,-1452,5.08,450,2286,0.4
-2178,8966,-1200,10318,3093,-14314,-5816,-14882,4716,-9535,1424,9686,-3040,-990,8458,429,2328,-1657,5.07,508,2579,0.4
-572,14150,-3726,12763,3985,-13225,-5008,-19432,5602,-8757,-3876,5640,-2046,-1524,10214,384,2879,-1985,5.07,513,2604,0.4
-1442,32767,-7290,9121,6100,-9957,-838,-32768,4484,-5696,-1734,6535,14,3132,15676,381,1925,-1778,5.08,450,2286,0.5
2084,32767,-9972,4698,3130,-9762,1630,-32768,3348,-2815,1878,5668,-2432,6242,14816,398,1419,382,5.07,513,2604,0.5
5568,32767,-8478,1790,456,-7667,1578,-32768,2794,-2111,2086,2692,-2856,5270,15680,85,136,447,5.07,508,2579,0.6
2916,32767,-3916,-1426,-1910,600,10566,-32768,7036,-1295,-238,-3735,-616,1804,10406,-133,-1161,1208,5.08,450,2286,0.6
8764,32767,1994,-5970,-5460,1113,2606,-32768,9630,2144,-1171,-3455,-1494,180,8126,-243,-502,1254,5.07,513,2604,0.7
10052,26528,3584,-8442,-2805,2668,4006,-23198,5568,5822,-2292,-6620,-2732,-760,7576,-451,-940,1344,5.07,503,2554,0.7
4394,18176,1606,-8222,-5414,7251,1576,-12340,480,7319,-2489,-7033,-2058,-1542,7308,-502,-111,582,5.08,445,2261,0.8
2696,12642,-174,-8038,-6741,8433,48,-7718,-24,7568,-3143,-5641,-1480,-1162,7024,-426,184,288,5.07,508,2579,0.8
1590,8572,-1094,-7340,-4868,8346,2718,-5544,-510,7785,-2616,-2979,-1248,-1146,8216,-291,24,54,5.07,503,2554,0.8
-302,3528,-1448,-4762,-868,8978,-740,-240,-920,4985,-3202,-4077,-1306,650,7462,-50,59,-159,5.08,445,2261,0.9
-3782,1430,-2156,-3571,-379,9691,-3858,2366,-1132,4052,-5675,-8198,-1592,1230,6490,130,23,-27,5.07,508,2579,0.9
-4880,-1584,-1848,-2150,-3254,11079,-1020,6020,-2166,1826,-7934,-10477,152,660,5398,286,-362,916,5.08,445,2261,1.0
-3876,-2018,-2966,-1972,-1952,12245,-690,4926,-4974,1773,-6960,-10054,-756,690,1178,322,-15,838,5.07,503,2554,1.0
-3812,-3726,-3968,-2970,-977,11212,-1152,2380,-6376,2979,-5615,-8998,236,-336,3922,220,-349,1026,5.07,503,2554,1.0
-2932,-9210,-5686,-4746,1433,8434,1554,9620,-12130,3759,-114,-4188,-958,-1516,3694,21,-279,1110,5.08,440,2236,1.1
-2248,-9916,-6320,-4911,1964,7524,5064,10700,-15374,1707,6237,-3951,-510,-1060,4074,-70,-54,1053,5.07,499,2529,1.1
-2346,-8666,-6628,-3770,1048,5647,7030,10314,-12724,1178,8169,-4057,-980,-1252,5046,-46,-363,518,5.07,503,2554,1.2
-4098,-8100,-2086,-1186,-1778,337,2518,13524,-6676,1424,1229,2520,-908,-402,6152,113,-486,190,5.08,440,2236,1.2
432,-11656,-3810,361,-1765,-2754,5118,11424,-7058,-684,3645,4454,-1232,-898,5376,229,-145,-314,5.07,508,2579,1.2
-524,-11110,-6792,3177,-675,-6440,5396,6010,-7446,-3142,7839,5985,-1180,-1676,4322,408,-87,-1072,5.08,445,2261,1.3
1306,-7704,-5074,3986,438,-7852,1766,6378,-7050,-5171,6944,7311,-750,-2044,3892,485,198,-1424,5.07,508,2579,1.3
-656,-4100,-3248,4085,2178,-9847,650,5934,-5082,-8053,7063,8066,-1434,-2068,3726,539,763,-1915,5.07,499,2529,1.4
-334,-318,-534,3621,2890,-12885,948,608,-3870,-11284,6799,9039,-2990,-2058,6078,370,1433,-2024,5.08,440,2236,1.4
966,1910,226,3664,5024,-14148,338,-6730,-3970,-12437,7262,8858,-2686,-936,10362,192,1477,-1768,5.08,494,2509,1.5
1064,6618,-578,8629,5555,-13720,-2852,-14380,3094,-10639,3513,9607,-1410,1660,16184,86,1182,-795,5.07,513,2604,1.5
-470,19636,560,14014,3957,-12422,-1086,-26404,11822,-4260,-3811,7210,-590,4142,21308,326,-623,-386,5.08,489,2484,1.6
-1438,26966,-6736,13908,8771,-12257,-578,-32768,11318,-4376,-3442,4515,2082,3110,14368,172,-768,442,5.07,567,2876,1.6
-2368,32767,-5908,11328,3386,-8024,1778,-32768,10206,-5191,38,2947,140,1414,6746,-102,-64,797,5.07,562,2852,1.6
9808,32767,-3954,2386,524,-4311,3582,-32768,8202,-5460,-2825,-2598,-5050,430,6142,-766,-709,1399,5.08,425,2161,1.7
9608,32767,-2110,-2893,-1866,-842,6556,-32768,9838,-2211,-6015,-4822,-5388,570,8116,-811,112,1224,5.07,503,2554,1.7
10486,32767,2482,-7221,-3491,1777,6706,-28670,6454,1161,-6016,-7306,-3118,322,10866,-691,-1380,895,5.07,499,2529,1.8
10234,22282,2596,-10144,-12206,7335,4142,-17636,1774,4709,-2199,-8381,-2274,-890,7786,-38,-109,89,5.08,425,2161,1.8
6826,16090,1968,-7513,-2131,7587,-2960,-10536,-616,7474,-3650,-10174,-1606,-1024,9510,222,678,-566,5.06,494,2500,1.8
-2708,9504,-3112,-4359,-1025,12806,1976,-6462,-2930,7372,-3715,-9135,-2554,206,8184,347,917,-629,5.06,508,2574,1.9
3328,7070,-444,-3746,-7135,11110,-1276,-718,-4016,6188,-2335,-8295,-1364,440,7674,344,366,-219,5.08,450,2286,1.9
-2376,4504,-720,-3926,1161,9063,-2506,-84,-3384,5398,-2931,-6454,-860,130,7536,235,-117,16,5.07,484,2455,2.0
-4830,758,-1722,-3653,6652,10344,-1394,2820,-3318,5311,-1254,-2622,-1916,768,4360,-71,-558,573,5.08,430,2186,2.0
-6856,-716,-3068,-5178,1447,9925,-2866,6568,-4268,5828,-3454,-7624,376,28,1776,-193,-333,1000,5.07,484,2455,2.1
-4250,-8092,-5592,-4912,-1987,10575,-2966,10162,-10042,4202,-5531,-10318,266,196,2364,-291,-131,1280,5.07,494,2504,2.1
-3234,-8520,-5584,-3245,656,9444,1102,7476,-8652,3252,-4595,-8338,-836,-104,2570,-498,-316,1447,5.08,435,2211,2.1
-2314,-5526,-4024,-2463,2488,8563,1242,11652,-8832,4143,-2023,-4600,-1190,296,3594,-491,-128,1322,5.08,489,2484,2.2
-2824,-7002,-5908,-3749,1376,3927,3976,16812,-11630,2939,3283,-1039,-1282,1078,4182,-294,-77,1000,5.06,503,2549,2.2
1054,-14982,-6490,-2877,3022,-2162,5510,12734,-10902,-1411,5929,752,-674,232,4838,82,-317,508,5.08,425,2161,2.3
-1074,-13618,-5894,-1,3020,-2824,4946,10434,-7280,-3170,7104,3422,-932,-592,4616,230,-285,394,5.07,499,2529,2.3
-1550,-10252,-4826,2073,1260,-3764,3328,8982,-5200,-3813,8828,6175,-540,-1336,4274,362,26,-34,5.07,484,2455,2.3
192,-7652,-4394,4294,1019,-7514,712,6856,-7650,-7485,8169,8251,-86,-3102,4802,400,464,-1149,5.08,435,2211,2.4
-812,-6904,-4290,5104,1150,-9692,412,4626,-7432,-9369,8346,9633,-128,-3578,4952,293,442,-1600,5.07,499,2529,2.4
-1502,-1314,-3710,6401,1816,-11825,-1790,-1542,-6088,-11648,6909,10756,-2648,-2354,5906,200,828,-1974,5.08,430,2186,2.5
-1478,3132,-2634,7096,882,-12478,-3016,-7880,132,-10839,5584,11437,-2916,-1788,7398,89,1177,-1821,5.08,479,2435,2.5
-1214,9218,438,10161,3511,-12842,-4726,-12324,4880,-9578,3779,12365,-1492,-1764,8906,-30,1556,-1830,5.06,494,2500,2.5
3114,19806,-1336,11285,3614,-12375,-3486,-23556,5982,-5183,3181,7294,-798,724,18840,-211,1130,-1177,5.08,425,2161,2.6
-2880,29424,-1260,11197,5972,-10581,-5324,-31378,4290,-6217,971,3483,1000,5950,19386,-193,-139,-246,5.07,489,2480,2.6
-1354,32767,-1038,8621,4139,-7341,-4384,-32768,8202,-7606,-2430,1772,-2458,8046,13382,3,-327,-15,5.07,484,2455,2.7
5960,32767,-2424,2740,-8504,-2386,4088,-32768,6812,-7586,-6653,-3579,-2238,1928,8528,-302,-986,1589,5.08,420,2137,2.7
13236,32767,3164,-1653,-7508,643,4766,-32768,2530,-23,-10804,-6620,-5542,38,10110,-498,-926,1173,5.07,489,2480,2.8
10406,32278,1034,-4273,-2258,4519,4940,-32768,4314,5053,-13777,-8724,-824,-668,12588,-583,-1525,1159,5.07,479,2430,2.8
7778,24896,1342,-7201,-8179,7637,3786,-23052,-1770,8836,-598,-6738,-2276,-288,11776,-106,-1098,459,5.08,415,2112,2.8
5058,17824,76,-7558,-1709,7498,-3866,-8030,-1388,8747,-5790,-12114,-3166,-406,6896,154,-99,148,5.06,489,2475,2.9
3562,13614,-2474,-7424,-1859,7792,5444,-9210,-4984,7058,-3945,-9968,-2134,-2088,10672,197,41,-208,5.07,474,2405,2.9
-2988,4876,-5294,-6024,-4757,10376,-3114,-968,-3948,7480,-1387,-7430,-2908,-744,8230,3,104,-359,5.08,420,2137,3.0
-688,2334,-3768,-4898,-3833,11485,-4682,1514,-3692,7437,-2633,-2372,-1808,1428,8774,8,-262,-231,5.07,469,2380,3.0
-1242,378,-3836,-3969,-707,11512,-1188,240,-2734,4332,-1856,-652,-742,742,6642,38,-463,-11,5.07,489,2480,3.0
-3748,-3080,-3870,-3811,703,10850,-3926,8172,-4534,6170,-4500,-12073,-488,952,4090,57,-410,536,5.08,420,2137,3.1
-2512,-5872,-4764,-3832,10,11090,-3234,5758,-8378,3605,-7928,-14000,-698,292,2518,80,-293,438,5.07,479,2430,3.1
-1348,-4052,-3850,-4259,1272,10720,1128,5604,-8662,3096,-7488,-11296,-934,100,2592,-1,-473,862,5.07,469,2380,3.1
-1082,-9266,-6110,-5811,725,5769,2996,13540,-14214,5238,202,-4169,-220,-446,2586,-134,-131,1191,5.08,420,2137,3.2
276,-14564,-7360,-4183,1468,3681,5700,16752,-15652,3347,5967,-2885,672,-396,4146,-119,-271,986,5.07,474,2405,3.2
1078,-14438,-7728,977,1760,1154,3772,14260,-9220,-2337,6162,-614,1384,150,5652,125,-349,204,5.07,479,2430,3.3
-548,-9568,-4866,3042,1080,-814,3146,12404,-6910,-4447,4288,1988,-310,-678,3324,332,-86,128,5.06,552,2797,3.3
-630,-6064,-1690,3218,1124,-2834,3736,9256,-5800,-4906,7108,4509,-564,-818,4824,476,303,-389,5.07,489,2480,3.4
806,-6910,-1638,1995,1417,-7544,1658,6446,-7628,-5211,9285,7751,-914,-2208,5478,552,171,-1159,5.07,425,2157,3.4
834,-7692,-2808,2536,2433,-9257,644,7030,-6986,-7228,7734,8970,-582,-2594,6090,523,-15,-1505,5.07,479,2430,3.4
-2534,-3598,-2078,3913,3009,-9988,-2270,4452,-4274,-12025,6713,10192,-992,-2132,5224,469,537,-2037,5.08,425,2161,3.5
-2766,-38,-386,4415,3261,-11974,-3518,-2988,-5076,-12804,7415,10589,-2410,-1238,3294,379,1107,-1954,5.07,489,2480,3.5
-1304,2732,94,4544,3672,-13608,-7204,-10928,7024,-9791,5515,12575,-3240,-834,4300,162,1510,-1650,5.07,484,2455,3.6
-4506,7524,2070,8273,4933,-14273,-3512,-15202,4272,-761,4376,11635,-40,2790,15940,250,1324,-831,5.08,435,2211,3.6
-782,15088,-724,10027,4638,-12983,-1646,-18612,4334,-3,2529,9441,848,6358,20138,833,1713,-258,5.08,464,2360,3.6
-3846,30046,-2056,11929,8268,-10637,-4940,-24554,6154,-2579,-569,5472,20,4574,19344,736,607,63,5.07,469,2380,3.7
-4476,32767,-208,8895,-977,-6426,-3206,-32768,7722,-9891,-2918,1708,-732,3178,7858,49,-344,1042,5.08,420,2137,3.7
3260,32767,-1230,6203,-4791,-2376,-304,-32768,10776,-10293,-5137,-185,-1268,-1346,8152,-573,-1228,1653,5.08,469,2385,3.8
6382,32767,-1382,2466,-2478,1093,2832,-32768,9174,-3486,-7696,-3258,-2624,-1942,4190,-1001,-915,1363,5.07,464,2356,3.8
9500,32767,2616,-6314,-13940,5435,6190,-25574,5234,4759,-3204,-7030,-4730,-838,7860,-632,-693,593,5.08,411,2087,3.9
12624,26036,2826,-7932,-4275,6867,5416,-15486,1908,3272,-4588,-9576,-3060,-1400,11418,-112,-637,122,5.07,484,2455,3.9
568,20724,-458,-7238,-1293,9755,2312,-17346,2458,6478,-1698,-4035,-2480,-1706,8226,98,-89,33,5.07,474,2405,3.9
3792,12896,980,-5904,-4581,11588,4392,-5700,-1302,6420,-7397,-8687,-3038,470,9016,251,628,-451,5.08,415,2112,4.0
432,10426,508,-6575,-10156,11306,6182,-7208,-1874,6574,-2796,-5008,-2502,1234,9598,295,408,-684,5.07,469,2380,4.0
-172,7112,-2518,-6332,-4978,8153,-1210,-4350,-3866,7375,-610,-977,-1154,978,8764,165,-290,-177,5.07,474,2405,4.0
-4998,-760,-3302,-3061,2399,11052,2120,2268,-3670,4423,908,1240,160,1790,5656,-54,-106,1468,5.08,420,2137,4.1
-2408,-240,-4440,-2313,4009,9513,1176,4224,-2660,4770,1666,-4347,-2864,1902,3198,-150,-309,981,5.07,508,2579,4.1
-4866,-6348,-6300,-3350,-301,8511,-4222,2848,-8714,4700,-6072,-14021,-688,-272,3454,-359,-199,1960,5.08,430,2186,4.2
-3746,-7438,-4888,-2609,-1987,10105,-2160,4726,-8926,4188,-16220,-11246,144,-552,5448,-575,-463,1924,5.07,503,2554,4.2
-2056,-7012,-4316,-2961,-961,9114,4892,9300,-13094,1927,-15658,-7517,-82,-328,3140,-708,-430,1746,5.07,499,2529,4.2
-868,-8936,-4804,-3979,1159,6050,8182,11334,-14296,710,910,-2244,-776,-210,3104,-669,-282,1420,5.06,518,2623,4.3
482,-10568,-5528,-2603,3410,1578,4036,9840,-10208,-1265,10632,-1866,292,-524,3592,-497,-106,715,5.08,430,2186,4.3
-2374,-10280,-6594,-374,3450,783,3438,8836,-5518,-3214,8609,-775,128,-804,4686,-330,-218,394,5.07,489,2480,4.4
322,-8596,-3864,1629,353,-2101,1682,9220,-3516,-2440,6076,4650,-144,-2398,4694,-205,13,-206,5.08,430,2186,4.4
-30,-8190,-3142,2261,379,-4060,2590,8770,-5098,-4069,6275,5096,-108,-2588,6928,-224,-242,-736,5.07,503,2554,4.5
914,-7976,-3490,2939,1161,-5693,3188,6614,-4912,-5433,7739,5822,-448,-2110,5744,-93,-333,-1058,5.07,494,2504,4.5
540,-4164,-2430,3955,1748,-8625,-642,2216,-4726,-7498,4992,7352,-374,-2254,4362,145,152,-1444,5.08,440,2236,4.5
-6,-1810,-2224,4649,1470,-9795,-702,-306,-4456,-7785,3379,8635,-1006,-2264,3708,114,449,-1743,5.07,513,2604,4.6
344,-1292,-736,8638,1851,-12203,-24,-7772,1012,-6894,3578,10221,-4054,-1986,5738,-300,1021,-1845,5.07,499,2529,4.6
42,5784,-594,12225,2945,-11797,182,-11108,5234,-5710,3523,9739,-4714,400,8216,-494,1402,-1434,5.07,499,2529,4.7
-1582,12372,2400,17022,2914,-9923,-804,-20356,9628,-3770,2117,6730,-1926,3376,14448,-185,1463,-951,5.07,489,2480,4.7
2032,32767,-11784,15681,6865,-9456,-754,-26424,12140,-1638,-2844,5150,2696,3512,20074,733,212,-1387,5.08,420,2137,4.8
62,32767,-8698,10208,2317,-7814,-1724,-30626,13404,-4512,-517,3881,-3088,4194,15254,395,-499,-376,5.07,508,2579,4.8
7710,32767,-3674,3478,-3687,-6832,626,-32768,11566,-7358,-2116,-237,-5700,7204,10352,292,-417,526,5.06,601,3044,4.8
16778,32767,-2654,-6241,-4766,-1688,4908,-32768,10582,-2682,-3051,-3697,-1644,-2156,6392,-503,-1371,1921,5.08,420,2137,4.9
12366,32552,532,-8078,3679,2222,1688,-27790,8766,705,-6192,-7974,-3116,146,6096,-612,-1066,2079,5.06,494,2500,4.9
2046,25460,-1406,-7401,1816,6967,4208,-22318,5644,2396,-3994,-8446,-3328,-678,9672,-283,-14,860,5.07,474,2405,5.0
6428,22838,618,-8604,-1689,5909,-1224,-17740,2578,8152,-2545,-5945,-2426,-476,10808,152,15,-210,5.07,469,2380,5.0
1772,12492,-2042,-7701,-2798,6398,6512,-9434,-1080,5856,-4060,-7912,-3348,-1760,8024,583,506,-271,5.08,415,2112,5.0
-1708,8898,-4018,-6556,-7231,8443,1460,-5634,-3354,5525,-4099,-7316,-3106,-1754,7924,553,817,-552,5.06,484,2450,5.1
-190,4144,-1124,-3984,-4329,9949,-588,-2164,-4408,5264,-2726,-1420,-1830,1310,8120,641,842,-708,5.07,420,2132,5.1
-2284,2322,-2464,-3676,299,10311,2308,-1362,-4294,4765,-794,-1668,-1210,658,6598,606,368,-62,5.08,469,2385,5.2
-4564,-396,-2846,-3485,1258,9917,-2700,1778,-2130,5474,-2135,-7399,318,3968,4650,569,534,1894,5.07,494,2504,5.2
-2988,-4952,-5848,-4590,-291,9385,-1484,9364,-11054,1592,-8381,-12239,854,136,4512,313,-454,1375,5.08,415,2112,5.2
-2644,-4366,-5264,-5582,511,8585,3930,8834,-11714,686,-7619,-10012,570,-410,2554,125,-727,1277,5.07,479,2430,5.3
-2584,-2206,-3816,-6506,556,6910,3596,6140,-9594,815,-1748,-6716,550,-886,562,-87,-224,1617,5.07,469,2380,5.3
-862,-9374,-6110,-7686,556,2831,3034,10736,-9408,3529,7646,-2059,-726,510,-16,-249,169,1490,5.08,420,2137,5.4
138,-13188,-6640,-6803,1385,1397,2924,11756,-8656,2703,5339,124,788,356,5026,-219,-29,1058,5.07,484,2455,5.4
-240,-12004,-4940,-766,1479,-383,4150,11464,-6180,-547,6473,1966,-74,-472,4252,17,-184,169,5.08,425,2161,5.4
-1094,-8260,-2464,1657,1201,-1660,3858,9634,-5674,-2450,8083,3593,56,-1092,6730,171,-374,-634,5.06,513,2599,5.5
-122,-6782,-842,2369,378,-4273,3280,6956,-6342,-4547,9173,5881,-1244,-1658,5874,318,-162,-1182,5.07,474,2405,5.5
984,-9508,-3966,4859,2227,-7019,2504,2946,-6510,-6487,6807,7841,-2062,-1952,6544,358,-123,-1512,5.08,415,2112,5.6
-372,-8134,-5468,6964,2663,-8062,1964,3088,-5490,-7849,5226,8859,-1434,-1462,6750,408,-50,-1602,5.07,474,2405,5.6
-2478,-3494,-3888,8448,2465,-9468,2082,2466,-3538,-8726,4248,9591,-2260,-1338,4728,366,30,-1747,5.07,469,2380,5.6
-4000,362,-1320,8875,2306,-13006,-1650,-7164,920,-9520,5652,9660,-3070,-1122,4730,17,717,-1488,5.08,415,2112,5.7
-2194,1754,-2990,9550,2563,-14166,-3238,-13580,5492,-8181,4860,9670,-2976,1260,9230,-190,1077,-977,5.07,474,2405,5.7
-4436,17060,556,15328,4029,-11563,-582,-26240,11902,-5060,-309,4839,544,5168,18462,108,903,254,5.08,411,2087,5.8
-2968,27396,-5792,14906,4706,-11159,-2392,-32768,14944,-4588,-5471,2355,3158,5098,19852,360,726,-153,5.08,484,2460,5.8
-6248,32767,-6692,13657,1528,-10690,494,-32768,11872,-4701,-5800,1021,1262,2864,15470,279,-30,-777,5.07,464,2356,5.8
4748,32767,-6696,9025,-2493,-1561,4108,-32768,10404,-4025,-6907,-3218,-3924,2054,7528,-343,-1010,112,5.08,415,2112,5.9
9896,32767,-6550,3985,-2247,2423,7996,-32768,10374,-2284,-4524,-6340,-4208,476,6314,-790,-1077,1102,5.08,474,2410,5.9
9366,32767,-5486,-2127,-4259,5275,4076,-26632,6746,867,-5233,-8944,-3766,-440,5110,-1066,-1122,1366,5.07,479,2430,6.0
5370,30074,-4078,-6031,-5974,8037,4642,-17532,3176,1227,-4853,-10489,-1866,-750,9242,-1162,-1142,807,5.07,474,2405,6.0
7524,20072,-3674,-10769,-7521,10191,-4952,-4988,-1078,6969,-6676,-10616,-2622,446,9310,-684,-557,59,5.08,415,2112,6.0
3234,13076,-1114,-6644,4364,13503,3854,-3946,-4340,6268,-4030,-8627,-2726,930,8100,-298,239,-81,5.07,484,2455,6.1
-9308,11686,-7452,-6347,-8305,15017,-1682,-1904,-4484,6944,-2254,-7065,-2036,830,9878,-2,-187,37,5.07,474,2405,6.1
-418,4174,-6174,-7333,-327,8701,-1090,4032,-3378,5455,-2193,-71,-1806,918,7890,162,-382,293,5.08,411,2087,6.2
-5942,-4170,-3824,-5011,5201,11086,848,4688,-3146,5497,-2706,-1993,88,152,5498,98,-423,448,5.07,474,2405,6.2
-3732,-6182,-7292,-2428,8787,11773,-1000,7750,-8336,5657,-4351,-10330,-314,-14,3378,-123,-576,1319,5.08,415,2112,6.2
-7036,-5374,-7416,-5246,5572,8523,-104,10772,-12110,3856,-7262,-9244,-982,-252,2674,-289,-22,1233,5.07,479,2430,6.3
-6996,-6430,-5414,-6277,2281,9234,4428,12780,-15460,2880,-5641,-5947,-1108,-156,4778,-466,-455,1612,5.07,479,2430,6.3
-2202,-16452,-8392,-8161,516,2985,1996,12494,-10826,1044,4203,-958,-236,610,3886,-531,-803,2157,5.08,411,2087,6.4
-184,-17236,-8858,-7387,3271,-192,1964,13234,-9252,155,7875,1581,288,40,3934,-327,-605,2054,5.08,455,2310,6.4
-900,-15164,-8444,-5564,4595,-2292,3996,14230,-8872,-1545,9101,3162,1104,-836,5274,-91,-598,1319,5.07,469,2380,6.4
-2810,-12992,-3778,-2229,3350,-6706,3246,8928,-9500,-4572,8485,5401,916,-2606,5602,152,-352,-855,5.08,411,2087,6.5
-1210,-13054,-5230,1460,3392,-7548,1908,6504,-8094,-6395,10324,6990,-180,-2562,4230,266,-90,-1786,5.07,469,2380,6.5
-206,-11098,-5912,5506,4193,-8235,466,4360,-6206,-8763,10244,8742,-516,-2516,6224,346,-256,-2292,5.07,479,2430,6.5
-2372,-3282,-4674,10532,4216,-8576,480,3248,-6552,-12597,6825,9725,-2228,-3260,6068,367,204,-2427,5.08,415,2112,6.6
-3092,3124,-2792,11874,5287,-9271,-1090,-1734,-8390,-14411,7073,9359,-2608,-3320,6448,168,958,-2536,5.06,484,2450,6.6
-6520,11508,628,15369,5058,-9040,-5966,-12094,978,-12766,4627,10110,-3080,-1542,7354,-76,1113,-2497,5.07,479,2430,6.7
2138,26948,-3648,12153,2863,-9246,-5186,-29058,7244,-4968,1756,7023,-3136,2474,10494,-20,2082,-1017,5.08,411,2087,6.7
1576,32767,-2144,9426,3307,-9037,-4488,-32768,11512,-3415,167,4320,-2910,3034,11256,31,1515,-553,5.07,474,2405,6.7
920,32767,460,6954,1577,-6387,-4788,-32768,10006,-2802,-741,1424,-2478,1374,8690,-31,1551,-693,5.07,469,2380,6.8
6626,32767,2280,-371,-5831,-1079,128,-32768,8218,-5332,-4105,-2459,-3430,1598,10778,15,1236,-380,5.08,411,2087,6.8
-762,32767,-520,-3672,-12746,3366,4044,-32768,9880,-4344,-8270,-5074,-2950,1566,15066,317,1115,-590,5.07,469,2380,6.9
18282,32767,4164,-12350,-18491,3106,8488,-32768,7934,-576,-11880,-7541,1026,1454,19002,529,136,-582,5.07,474,2405,6.9
5936,17066,3440,-5781,10830,11965,16726,-27344,-2720,5749,4207,-6941,644,2998,11048,109,-1231,1079,5.07,484,2455,7.0
-13126,15220,-9800,-6027,-1259,11028,2058,-16018,-1188,9550,2123,-6135,-1224,3262,11564,-70,-730,944,5.06,469,2376,7.0
8650,12098,-1024,-9625,-11556,6043,-458,-7938,-3486,7496,-5375,-10709,-3112,4134,5466,-94,262,1296,5.07,469,2380,7.0
276,546,-584,-5383,1087,7616,-1734,-3896,-4354,9266,-557,-6993,-4008,-412,5938,-558,-281,1803,5.08,406,2062,7.1
-6148,-1694,-5020,-3433,-7719,11074,-6054,-1496,-4370,8871,-933,-4436,-1704,-698,6992,-965,-450,2068,5.07,459,2331,7.1
614,-1888,-2166,-1564,-5730,12418,-1740,3028,-4434,7272,49,1858,-776,-150,6856,-1196,-836,1624,5.07,464,2356,7.1
-1288,-3290,-5994,-4802,900,11086,-1096,5882,-9310,5728,818,-6352,258,-196,5164,-1012,-723,1098,5.08,425,2161,7.2
-2444,-5228,-7306,-5750,124,10509,-3090,6440,-10088,3839,-1835,-12987,-1370,176,4004,-754,-374,837,5.06,459,2326,7.2
-1826,-3464,-6028,-5956,-534,8875,-2254,3768,-8224,3922,-13593,-10665,-1292,714,4606,-509,-324,709,5.06,474,2401,7.3
-1750,-6278,-5714,-6617,75,5569,5928,11548,-10792,3335,-712,-5466,-322,112,4420,-119,-318,426,5.08,415,2112,7.3
-44,-11974,-8152,-5258,115,3726,3018,13180,-9768,2202,2759,-2348,18,-336,5150,52,-388,295,5.07,464,2356,7.3
426,-13280,-6424,1003,1091,984,2550,12888,-5648,-1472,5415,-1899,210,-4030,5454,105,-1106,88,5.08,406,2062,7.4
-116,-8920,-3768,3338,1144,-86,5460,12484,-6754,-2621,6272,-1062,908,-1188,7806,99,-1928,790,5.08,459,2335,7.4
62,-6888,-2338,3772,1662,-2692,4160,10628,-7666,-4095,5326,1819,-718,-1836,3114,115,-1175,532,5.07,459,2331,7.5
392,-7884,-3348,4002,3402,-6626,3078,6346,-7312,-4999,7502,5837,-706,-1730,4226,198,-677,91,5.08,406,2062,7.5
422,-7408,-4182,4862,4365,-7971,1282,5640,-5010,-6329,6563,7682,124,-992,4880,275,-263,-170,5.07,469,2380,7.5
-246,-4716,-4438,7103,3631,-10163,1694,5460,-3082,-8811,4865,9574,-74,-1532,5120,393,-61,-755,5.07,459,2331,7.6
-2208,-590,-2748,8114,3488,-12222,2078,4332,-3838,-10688,4834,10326,-728,-2114,6526,327,-321,-1137,5.07,484,2455,7.6
-3214,2336,-2418,8521,3144,-13442,958,-798,-7662,-12520,6147,9066,-2106,-2264,4712,136,29,-1421,5.06,479,2425,7.7
-5370,7990,-2344,15825,3182,-12661,-5544,-15606,3878,-8608,2516,11815,-5028,148,4424,-191,1295,-749,5.07,440,2232,7.7
-4222,17386,-1372,16853,1840,-11697,-6060,-22392,6008,-4287,-802,7918,-3682,1614,7750,-228,2011,44,5.06,562,2846,7.8
-4110,27832,-1528,14885,1288,-10997,-1848,-27552,8722,-4377,-3248,4867,132,1524,8552,-89,2201,28,5.06,567,2871,7.8
1918,32767,-3910,6670,5109,-4990,166,-32768,5924,-2286,-2421,2818,822,-1188,10212,-83,1601,-1087,5.08,445,2261,7.8
5472,32767,-3996,1076,1192,-2506,1764,-32768,9200,-1773,-3447,1177,-1884,-1298,10902,-39,1270,-1209,5.05,577,2915,7.9
8744,32767,-3742,-2428,-3297,1151,7724,-32768,11450,-1795,-3195,-3071,-2670,-76,15676,-34,1294,-985,5.05,567,2865,7.9
5734,32767,2622,-7248,-9438,6862,13804,-32768,6880,3230,-2300,-5725,-1080,2426,14258,6,-1296,249,5.08,415,2112,8.0
6444,23616,3138,-7607,-11601,9432,6058,-25822,4736,6561,-1160,-6733,-1046,794,9936,-264,-1112,744,5.07,459,2331,8.0
8362,17160,286,-6086,-8956,11384,-1868,-14428,2562,7436,-5898,-9684,-596,538,8608,-382,-204,933,5.07,469,2380,8.0
2884,9342,-3952,-3400,-5081,11847,-810,-8744,-2432,8279,-3719,-8778,-2668,598,9782,-369,5,639,5.08,401,2037,8.1
1490,3844,-3864,-1118,-3035,11891,-3752,-5490,-3514,7861,-3337,-5044,-2828,-1952,8606,-546,-173,927,5.08,459,2335,8.1
462,680,-2668,1541,-2798,12710,-2476,-2142,-6506,7789,-1752,-697,-2454,-1606,8280,-715,-380,500,5.07,464,2356,8.2
-5682,-2710,-2844,476,324,10769,-360,5550,-6120,6231,-1293,-4217,-1350,-856,6410,-703,-160,-135,5.08,411,2087,8.2
-3594,-1398,-4326,-423,3031,11942,-276,7912,-6716,4148,-1794,-9051,-1796,696,5504,-551,-650,379,5.07,455,2306,8.2
-1236,-294,-3500,-2108,6099,10847,-748,4120,-10526,2779,-7817,-10697,-1834,968,3412,-94,36,130,5.07,455,2306,8.3
-4874,-4940,-5430,-7887,3156,6081,140,2310,-8298,2416,-12043,-10031,-1046,608,2850,392,107,417,5.08,401,2037,8.3
-716,-11292,-5610,-7734,5344,4876,4946,4280,-8664,6176,-798,-4530,428,-58,3454,445,-594,924,5.07,450,2281,8.4
-1338,-13480,-7516,-4582,5800,1776,4694,14768,-9688,5184,5908,-478,690,-180,4596,463,-849,1056,5.08,401,2037,8.4
-258,-12576,-4322,-1392,4096,1063,3824,12122,-8748,2790,5743,-783,946,-896,5634,437,-1251,1311,5.08,455,2310,8.4
-2018,-9584,-4050,946,1206,-714,4664,11474,-8310,468,6515,-662,-890,-854,3610,403,-431,1156,5.07,459,2331,8.5
222,-6234,-1420,686,2082,-5176,6096,7194,-7394,-1907,6428,4432,134,-1778,5322,158,-399,898,5.08,406,2062,8.5
-1104,-6976,-1940,289,2966,-6567,5150,7198,-7644,-3083,7958,6125,80,-1286,6854,114,-152,390,5.07,474,2405,8.5
-572,-5934,-2342,1267,1673,-8087,1918,5430,-6278,-6602,7085,6862,154,-1192,4984,218,-160,-677,5.08,401,2037,8.6
-102,-5226,-2616,2384,1369,-8580,834,5122,-3482,-8639,5654,7301,-280,-1690,5688,295,-143,-1070,5.08,455,2310,8.6
-608,-3672,-2318,4790,1731,-10050,1042,5636,-3032,-11167,5359,8204,-1084,-2002,4868,288,100,-1292,5.07,459,2331,8.7
-640,180,-2528,8400,1861,-11432,-1060,-988,-5890,-14887,6776,8938,-2950,-1458,5188,151,514,-1436,5.08,406,2062,8.7
-1458,7646,-8,10381,3232,-11202,-4054,-5826,-3454,-14648,5750,9873,-3158,-794,5086,43,932,-1274,5.07,450,2281,8.7
-3368,12864,650,14433,3724,-9001,-8098,-14398,-804,-12563,3616,9524,-2492,-332,6394,-9,1498,-1175,5.07,469,2380,8.8
-34,26594,1868,13041,1233,-8805,-7108,-30876,9264,-4821,-2189,5461,-1226,-196,8894,-37,1883,-1236,5.08,411,2087,8.8
1788,32767,-1304,9083,307,-7285,-3846,-32768,10014,-3806,-4927,3544,-1324,598,9434,-88,1589,-1108,5.07,469,2380,8.9
5644,32767,-3090,5278,1363,-4004,-2454,-32768,11124,-1677,-3565,2992,-1178,1230,11236,2,1260,-889,5.06,469,2376,8.9
9672,32767,-4616,-3849,-4680,-1107,7166,-32768,6502,-3670,-7485,-2997,-2878,8892,17460,648,1670,-4,5.08,401,2037,8.9
9494,32767,4968,-6679,-2244,1654,9690,-32768,5850,-2545,-4367,-4967,1248,2520,17222,516,-2352,714,5.06,474,2401,9.0
-1682,27962,-782,-6754,-17995,8268,6368,-29144,4116,-588,-4827,-7987,-1472,56,7798,121,-1309,875,5.06,474,2401,9.0
9322,16292,214,-6019,1931,7734,466,-21190,184,7143,-1803,-7725,-1962,-342,7238,-299,-92,905,5.08,401,2037,9.1
2208,12206,-3968,-4598,3691,9590,2866,-13606,-2570,7198,-3726,-9794,-3470,1376,8004,-305,-45,1398,5.07,459,2331,9.1
2668,9154,-5476,-5180,-5191,9189,1796,-11200,-4826,8454,-1643,-7585,-4012,-1020,8914,-385,-106,1478,5.06,469,2376,9.1
3986,3434,-5240,-4996,-1632,6567,-6374,-2130,-4692,7629,-2563,-5713,-1344,-426,9264,-591,-539,1109,5.08,420,2137,9.2
-760,106,-4440,-4059,-1192,7335,-3082,-394,-6414,5552,-3342,-2446,-1388,-8,8192,-454,-209,320,5.07,464,2356,9.2
-2124,-800,-3132,-3947,-2828,8861,-246,2530,-4230,3935,-2364,-5062,-1400,460,7960,-236,-228,33,5.07,459,2331,9.2
-2066,1026,-2446,-6531,-291,10662,-3438,3978,-5652,3095,-8797,-12837,-1898,214,5534,181,18,111,5.08,411,2087,9.3
-1658,-522,-4324,-9275,87,8876,1286,3678,-6964,3223,-8090,-13022,-986,-254,4358,339,-40,81,5.07,459,2331,9.3
-1696,-10204,-8576,-8170,595,6253,626,6228,-9800,7114,-2131,-6069,-884,-232,3320,503,102,87,5.08,406,2062,9.4
-852,-11514,-9288,-5350,921,4575,2420,12966,-13200,6482,1759,-4042,-484,-42,2906,437,-67,444,5.07,459,2331,9.4
-42,-10134,-7586,-3107,731,2610,5142,16092,-15010,3566,8640,-2237,-1190,-106,3932,361,-245,524,5.07,459,2331,9.4
280,-9874,-4058,-514,1201,-1104,2456,12314,-8034,-1863,5035,-40,310,432,6916,195,-962,1193,5.08,406,2062,9.5
-766,-8846,-1998,941,1597,-3031,4112,10558,-6210,-2563,5929,415,192,-282,3418,224,-385,1195,5.07,464,2356,9.5
302,-8928,-2572,2619,2607,-5228,2754,7994,-6758,-2928,6947,5628,1156,-1350,4682,297,-239,360,5.08,401,2037,9.6
1274,-8102,-3296,3952,4276,-6383,2372,8146,-6162,-3996,6305,6642,918,-1448,4746,333,-10,-325,5.07,469,2380,9.6
350,-6888,-3458,5554,5084,-7362,3074,7028,-4476,-5728,8040,7224,238,-1644,5364,331,-422,-1091,5.07,455,2306,9.6
-1550,-2646,-2356,7480,4428,-8991,194,4390,-3298,-9482,8969,8758,-1806,-1708,5708,370,-305,-1700,5.08,401,2037,9.7
-2502,-862,-2146,7859,4098,-10716,-150,2592,-4164,-11362,7981,9331,-3144,-1472,6618,422,93,-1681,5.07,459,2331,9.7
-2366,998,-3650,8366,4079,-12027,-2640,-1468,-2618,-12156,7106,9434,-2756,-1472,7610,350,230,-1663,5.07,464,2356,9.7
-7566,10622,-1056,13902,4189,-12593,-8676,-13284,2626,-10182,3494,8862,-2488,-218,5328,104,923,-1638,5.08,406,2062,9.8
-7964,21370,1558,14481,3565,-11404,-7460,-20628,3900,-8794,1406,5973,-2910,666,7156,24,1582,-1358,5.07,455,2306,9.8
-2492,29484,-2122,12083,6315,-9919,-4022,-28154,8152,-8402,-2161,4578,-1866,1032,8868,18,1357,-1012,5.06,464,2351,9.9
232,32767,-2938,4953,3509,-6279,-1360,-32768,11708,-8253,-6666,-623,-2256,1068,12352,-79,864,-544,5.08,396,2012,9.9
5448,32767,-78,-210,-960,-4434,5480,-32768,8916,-5752,-7586,-1999,-2230,3968,17170,169,606,-130,5.06,464,2351,9.9
6162,32767,3524,-2095,-4054,-110,7202,-32768,3610,-2460,-9770,-4385,850,4460,17706,263,-534,325,5.07,474,2405,10.0
5374,32767,4388,-3865,-15805,8099,6718,-27186,414,1574,-5567,-9751,-1006,1688,10328,0,-1231,882,5.08,396,2012,10.0
10634,24600,2932,-4297,-12947,9572,11898,-27022,-2144,4282,-2023,-8791,-2068,708,8164,-148,-474,1189,5.07,459,2331,10.1
6670,18702,-406,-3556,-8985,11157,-2510,-17692,-956,9845,-1550,-7673,-2218,1208,8448,-157,-154,1065,5.07,469,2380,10.1
4262,11206,-4804,-2558,-4720,12305,4888,-11422,-4618,7207,-355,-5775,-2964,-962,7694,-180,-46,1333,5.08,396,2012,10.1
-308,6048,-4186,-2306,-3599,12523,-1298,-6244,-2422,7770,1555,-3654,-1318,-1416,8804,-417,-64,1073,5.07,464,2356,10.2
306,2574,-3806,-807,147,13851,-8306,-60,-5946,5563,-2895,-4759,-1082,-780,6358,-529,-210,718,5.07,469,2380,10.2
-5566,4162,-6110,-3145,-3950,10055,-292,598,-4676,3649,-1869,-6736,-1164,186,4448,-507,-343,395,5.08,401,2037,10.3
-178,-1946,-3482,-5035,638,11160,-1956,2596,-6298,3769,-1045,-11413,-1068,644,3536,-252,175,274,5.07,479,2430,10.3
-4544,-100,-4032,-5225,6977,13628,-4804,2878,-7302,4980,-9436,-13281,146,284,4772,-44,-156,287,5.07,464,2356,10.3
-4764,-2580,-6498,-8807,3794,8109,5050,9466,-11790,6854,-936,-7417,68,-54,4120,151,-343,258,5.08,401,2037,10.4
-3426,-10516,-6096,-9127,6079,4864,2044,12848,-14528,6608,23,-5424,-466,-320,2256,134,-487,320,5.07,464,2356,10.4
-3956,-16116,-7582,-3367,3527,5536,3814,13254,-9108,1561,6428,-2925,-1462,-204,3696,83,-649,811,5.08,401,2037,10.4
-1750,-13056,-5334,1175,1263,4417,4708,13026,-6302,-572,9309,-225,-278,-3888,5058,-7,-485,48,5.07,479,2430,10.5
-1526,-8720,-3532,2972,160,2003,5148,10932,-7194,-705,5662,1771,684,-1004,7840,-62,-763,628,5.07,455,2306,10.5
-1086,-8496,-2416,3096,651,-3273,5836,9944,-6748,-3792,8133,3516,648,-874,5762,-69,-585,-145,5.08,415,2112,10.6
788,-8214,-2866,2910,1829,-5223,3356,7060,-5666,-5213,7241,4954,212,-916,4992,44,-380,-389,5.07,450,2281,10.6
-292,-6446,-2540,3980,55,-6735,930,3870,-4072,-7651,7315,6854,-1478,-1180,4318,178,-7,-1192,5.08,401,2037,10.6
-408,-4154,-1882,4278,440,-8624,564,2536,-2816,-8578,7220,8483,-1904,-668,4440,206,294,-1258,5.07,450,2281,10.7
384,-2222,-908,4743,2050,-10557,182,3532,-4018,-9807,6703,9275,-2714,-1026,5114,154,753,-1389,5.07,459,2331,10.7
-740,-40,-2970,6959,2751,-12465,-2098,-3936,-2030,-10851,7059,9101,-2752,-596,8218,-128,1041,-1238,5.08,415,2112,10.8
-244,7808,-3910,10735,5355,-11755,-6434,-9162,3050,-11277,4922,9665,-2654,-548,8902,-282,1266,-1080,5.07,455,2306,10.8
-1878,15218,-318,14224,4428,-10311,-7846,-22398,2132,-10072,2609,6660,-1856,-286,11020,-275,1574,-1161,5.07,455,2306,10.8
786,31734,2568,10368,1638,-11299,-4278,-32026,10096,-6824,-3786,4714,518,1586,14760,82,1614,-1598,5.08,401,2037,10.9
6382,32767,222,4561,282,-7285,-680,-32768,8808,-6314,-6815,386,-522,2540,17802,366,856,-1313,5.07,469,2380,10.9
7070,32767,-2158,1446,-845,-4888,7226,-32768,5654,-3227,-6810,-908,-2200,3330,16058,179,-470,-41,5.07,455,2306,10.9
11588,32767,1376,-1161,-7682,1086,8800,-32768,7156,-84,-6908,-3656,-562,3124,12414,-176,-1680,1169,5.08,406,2062,11.0
12236,32767,1980,-4033,-9260,3913,6780,-28056,7494,1090,-4132,-7435,-3788,3680,3978,-163,616,1314,5.08,464,2360,11.0
14630,28802,-804,-6881,-5741,4971,6210,-22974,4048,2776,-4130,-7892,-562,878,13810,-248,-1814,1562,5.07,459,2331,11.1
18930,15864,-986,-7202,-4906,7120,-1032,-11156,-540,7307,-3956,-8530,-1788,-338,11264,-480,-678,1006,5.08,396,2012,11.1
4756,11690,-3108,-6199,3108,8587,2760,-7378,-3776,6937,-4198,-8324,-2374,-154,10454,-429,190,779,5.07,459,2331,11.1
42,7958,-4936,-6133,638,8498,3002,-4236,-6310,7082,-2613,-7024,-1814,-758,9112,-352,-310,606,5.06,464,2351,11.2
622,-68,-2906,-3693,-532,8961,-184,506,-3092,5959,-1873,-2193,-3634,-964,6122,-202,-87,15,5.08,401,2037,11.2
-3592,106,-1520,-2206,2140,10221,-1192,3548,-4312,5337,-1033,100,-2162,-182,5044,-181,444,-124,5.06,469,2376,11.2
-4768,1064,-1944,-3110,-827,11010,222,2524,-3354,5770,-3247,-5420,-1200,536,6910,-45,3,-233,5.07,459,2331,11.3
-2412,-4096,-4604,-4499,-540,10328,-2902,4154,-7422,5249,-7484,-11076,-152,422,4994,159,4,-123,5.08,401,2037,11.3
-2172,-6826,-6504,-4690,1240,8831,3322,10296,-12390,5537,-4848,-8631,-352,198,2776,231,-114,148,5.07,459,2331,11.4
-2536,-5938,-7124,-4039,2232,8274,3788,13130,-15580,4786,-1476,-6226,-10,-390,3038,228,-74,722,5.07,469,2380,11.4
-854,-7778,-6068,-4945,2466,4580,2742,14546,-9804,809,3432,-2870,-208,242,2734,149,-187,1087,5.08,401,2037,11.4
72,-12658,-7126,-4142,3177,1824,3920,13524,-8254,-596,6853,1044,-490,698,2996,153,-159,1522,5.07,435,2207,11.5
-1826,-11928,-3624,1830,1528,-603,3220,9764,-7782,-1638,5502,1919,-906,-1626,4144,-44,-514,971,5.08,401,2037,11.5
-2012,-8052,-1274,3398,-306,-2123,4970,8516,-7450,-2609,7250,3544,-622,-1788,5154,-174,-75,421,5.08,450,2286,11.6
-44,-6612,-1124,3765,-759,-4340,3378,7626,-6884,-4898,9484,6090,-704,-1268,6054,-182,-193,-311,5.07,459,2331,11.6
1452,-7428,-3196,4463,1582,-8071,1122,4298,-5020,-7004,8482,8089,-270,-1172,5736,57,246,-1101,5.08,401,2037,11.6
596,-7246,-4242,5066,1960,-9723,754,3120,-5014,-9226,8530,8669,-796,-1536,5674,111,317,-1287,5.07,464,2356,11.7
-1184,-4002,-3172,5876,2523,-10666,-520,1074,-7190,-11369,8322,8963,-1772,-1676,4732,116,658,-1570,5.07,459,2331,11.7
-1418,3188,226,6653,1919,-12145,-1750,-8942,-4676,-12662,7542,9473,-4618,-948,5918,-139,1718,-1453,5.08,401,2037,11.7
-160,11144,784,8921,4182,-12418,-7102,-13504,5978,-9685,3633,9987,-4392,138,8602,-235,2237,-1240,5.07,469,2380,11.8
858,14040,4762,11335,1385,-13825,-7996,-22936,14098,-4088,611,8803,-2214,928,10248,-239,2521,-771,5.06,469,2376,11.8
1388,25880,-8662,13844,6534,-10050,-2960,-32768,10330,-4983,-871,1176,4406,5618,20746,508,2508,-1299,5.08,406,2062,11.9
-1000,32767,-9580,13491,2682,-8452,-2720,-32768,11746,-6,-4946,2089,2592,3072,19872,179,87,-196,5.07,459,2331,11.9
-576,32767,-5326,10596,-3353,-6037,-1438,-32768,9128,835,-9317,1185,-3224,2924,10646,-153,-260,215,5.07,455,2306,11.9
12396,32767,-2586,-837,-112,-76,4484,-32768,9722,-4609,-9744,-5122,-2170,2370,13626,-532,-1252,1069,5.07,411,2083,12.0
13758,32767,3970,-6653,2801,1581,3910,-26736,7186,-3282,-6524,-7347,-4330,280,-814,-717,-329,906,5.07,494,2504,12.0
6334,32256,-3628,-12516,-18536,4036,7748,-22366,2240,-2411,-6275,-9062,-3218,1224,6778,-713,212,1644,5.07,503,2554,12.1
9748,12008,2856,-10222,5092,7866,-252,-12408,-984,6149,-3333,-8770,-1036,-784,9448,-396,-240,368,5.08,430,2186,12.1
-2398,11090,-800,-8063,-365,10128,3944,-5932,-3710,5915,-4129,-10171,-2726,-1456,6670,-122,131,55,5.07,503,2554,12.1
5432,8454,-138,-6498,-3179,7867,2590,-5632,-5484,7497,63,-5707,-1806,-2124,8530,86,235,-370,5.06,503,2549,12.2
-1572,-1036,-1142,-3406,-4718,11105,-4956,6428,-6194,5759,-1117,-1534,-2080,14,8020,307,61,-680,5.08,430,2186,12.2
-850,1142,-2506,-2370,-1000,10185,4636,4570,-5154,3065,1611,-223,-794,628,6594,457,-175,-467,5.07,484,2455,12.3
-760,146,-928,-2374,2934,9309,2238,3116,-6132,3569,715,-4253,-836,222,5344,466,-282,-113,5.07,489,2480,12.3
-3936,-5680,-4076,-4835,1184,7005,-4496,4896,-5116,3804,-8446,-12717,-104,708,4088,444,-496,376,5.08,430,2186,12.4
-4726,-6394,-4038,-5484,-610,8965,4266,9776,-8372,3572,-7288,-10839,-452,382,2710,261,-601,345,5.07,489,2480,12.4
-1278,-6390,-4450,-5801,-2104,7413,3738,14046,-12318,1543,1295,-4584,4,-500,3764,44,-667,1040,5.08,425,2161,12.4
904,-11278,-6984,-5245,270,3270,4214,11728,-9382,-1317,4019,-3949,-1146,-96,4144,-64,-569,1396,5.08,469,2385,12.5
812,-14628,-9132,-2883,4069,293,5164,8446,-6452,-2428,8293,-1985,-1806,264,3728,-19,-387,1052,5.07,484,2455,12.5
840,-11762,-8208,2225,3218,-1037,1666,7902,-4558,-2499,5278,2989,-22,-1726,4922,72,-280,256,5.08,430,2186,12.6
52,-8010,-5946,4777,1955,-1595,4812,8874,-4592,-3033,8422,4863,488,-1432,6654,160,-603,-459,5.07,489,2480,12.6
-834,-5012,-3942,6078,427,-3417,3696,7596,-4530,-4853,11236,5820,-1232,-1398,5820,279,-515,-1109,5.07,489,2480,12.6
540,-2748,-1542,6003,-439,-7320,-594,4766,-3838,-8849,8141,7397,-2482,-948,5824,429,-161,-1393,5.08,425,2161,12.7
370,-3752,-1604,6152,516,-8943,364,2500,-3784,-10451,6362,8303,-2362,-1366,6590,386,78,-1398,5.07,479,2430,12.7
1898,1686,-1346,5686,835,-10293,-1720,-7246,-930,-10015,4214,9523,-1456,-2734,5764,177,874,-1926,5.08,425,2161,12.8
1944,7544,-1194,7198,3556,-11461,-4184,-8618,4106,-8787,2377,10993,-2052,-1112,7626,58,954,-1884,5.06,499,2524,12.8
-1716,9980,4010,10397,2682,-13608,-6036,-18034,4992,-5305,2282,9555,-3978,50,7012,62,1536,-1599,5.06,494,2500,12.8
1730,19292,-3090,11218,5375,-10587,-4794,-28988,8346,-3789,-1155,6344,-3150,394,10696,98,2126,-1042,5.08,430,2186,12.9
-2576,32767,-8808,10277,7775,-8979,-3766,-32768,13912,-3429,-5078,2675,-1078,710,14200,146,1878,-1270,5.08,489,2484,12.9
-3998,32767,-5132,4051,-1595,-7914,1142,-32768,11734,-2794,-7740,314,-1770,4060,17398,399,1338,-1181,5.07,489,2480,13.0
6124,32767,-570,244,-6906,-4844,5210,-32768,7802,-3018,-9598,-2926,-3274,7122,17338,458,90,-46,5.07,489,2480,13.0
5312,32767,5176,-3480,3060,3106,9212,-31668,7174,-478,-4857,-5803,-572,3816,10608,88,-1979,1802,5.08,425,2161,13.0
4028,30950,2430,-5368,-2866,5424,3522,-24518,4284,991,-5756,-8823,-1340,-112,-996,-33,-2261,2161,5.07,503,2554,13.1
1538,21490,-2932,-7384,-16057,9533,1972,-16292,-1384,4497,-1787,-6873,-3308,-1916,1900,-603,-746,1005,5.08,425,2161,13.1
9426,15122,-1084,-7979,-5335,7862,-7386,-6734,-2528,6486,-7258,-11721,-2640,-1540,9494,-885,-446,1390,5.08,479,2435,13.2
4076,9866,-4116,-7463,-2033,8433,8896,-6218,-5768,6030,-1771,-8242,-3200,-1618,7584,-983,-578,936,5.07,494,2504,13.2
-2416,6292,-5858,-6855,-4597,8755,-838,-2670,-5598,6437,-1634,-8185,-2032,-1004,8310,-945,-281,903,5.07,489,2480,13.2
38,-820,-3738,-4504,-194,11053,-388,838,-4638,7380,-199,-1273,-956,-728,8450,-691,-776,369,5.08,420,2137,13.3
-3118,-1580,-3648,-4044,1407,11997,-1626,3292,-3794,8231,-2282,-2975,-2150,1330,5530,-386,-510,120,5.07,489,2480,13.3
-3472,-2844,-5810,-5101,838,12264,-1180,6268,-7766,7790,-2513,-6917,-2890,1838,4730,71,-15,9,5.07,489,2480,13.4
-2944,-5708,-6970,-6245,1317,10326,-164,7384,-8640,4767,-8375,-10524,-1378,448,3910,477,47,243,5.08,435,2211,13.4
-2170,-3312,-5940,-6863,2270,9058,3934,6738,-9844,5233,-4468,-9414,-768,-30,4188,485,-79,455,5.07,479,2430,13.4
